{"cameraMode":{"drawMode":0,"name":"Shaded","section":"Shading Mode"},"sceneLighting":true,"audioPlay":false,"sceneViewState":{"m_AlwaysRefresh":false,"showFog":true,"showSkybox":true,"showFlares":true,"showImageEffects":true,"showParticleSystems":true,"showVisualEffectGraphs":true,"m_FxEnabled":false},"in2DMode":false,"pivot":{"x":268.2837219238281,"y":158.43287658691407,"z":-282.7467041015625},"rotation":{"x":0.06445500999689102,"y":-0.003594724927097559,"z":0.00023105225409381092,"w":0.997919499874115},"size":241.55807495117188,"orthographic":false}