{"cameraMode":{"drawMode":0,"name":"Shaded","section":"Shading Mode"},"sceneLighting":true,"audioPlay":false,"sceneViewState":{"m_AlwaysRefresh":false,"showFog":true,"showSkybox":true,"showFlares":true,"showImageEffects":true,"showParticleSystems":true,"showVisualEffectGraphs":true,"m_FxEnabled":false},"in2DMode":false,"pivot":{"x":186.08299255371095,"y":-26.613332748413087,"z":131.2886505126953},"rotation":{"x":0.06445500999689102,"y":-0.003594724927097559,"z":0.00023105225409381092,"w":0.997919499874115},"size":362.7451477050781,"orthographic":true}